Corpus,Text_ID,Participant_ID,Proficiency,Modality,Token,Lemma,Appropriate,Ambiguous,Inappropriate,Marked_form,Obligatory_form,Marked_form_simplified,Obligatory_form_simplified,Frequency,Regularity
CEDEL2,EN_SP_37_20_8_14_AB,AB,Lower advanced,Spoken,pensó,pensar,1,0,0,PRETERIT,PRETERIT,preterit,preterit,1.89602983,regular
CEDEL2,EN_SP_37_20_8_14_AB,AB,Lower advanced,Spoken,quiere,querer,1,0,0,PRETERIT,PRETERIT,preterit,preterit,1.945952018,irregular
CEDEL2,EN_SP_37_20_8_14_AB,AB,Lower advanced,Spoken,terminé,terminar,1,0,0,PRETERIT,PRETERIT,preterit,preterit,1.746382874,regular
CEDEL2,EN_SP_25_20_1_14_SM,SM,Lower intermediate,Spoken,caminaba,caminar,0,0,1,imperfect,preterit,imperfect,preterit,0.9082784922,regular
CEDEL2,EN_SP_25_20_1_14_SM,SM,Lower intermediate,Spoken,cambinaba,caminar,0,0,1,imperfect,preterit,imperfect,preterit,0.9082784922,regular
CEDEL2,EN_SP_25_20_1_14_SM,SM,Lower intermediate,Spoken,coge,coger,0,0,1,present,preterit,present,preterit,1.291782854,regular
CEDEL2,EN_SP_25_20_1_14_SM,SM,Lower intermediate,Spoken,di,dar,1,0,0,preterit,preterit,preterit,preterit,2.503756754,irregular
CEDEL2,EN_SP_25_20_1_14_SM,SM,Lower intermediate,Spoken,di,dar,1,0,0,preterit,preterit,preterit,preterit,2.503756754,irregular
CEDEL2,EN_SP_25_20_1_14_SM,SM,Lower intermediate,Spoken,encontró,encontrar,1,0,0,preterit,preterit,preterit,preterit,2.158446028,regular
CEDEL2,EN_SP_25_20_1_14_SM,SM,Lower intermediate,Spoken,encontró,encontrar,1,0,0,preterit,preterit,preterit,preterit,2.158446028,regular
CEDEL2,EN_SP_25_20_1_14_SM,SM,Lower intermediate,Spoken,encontró,encontrar,1,0,0,preterit,preterit,preterit,preterit,2.158446028,regular
CEDEL2,EN_SP_25_20_1_14_SM,SM,Lower intermediate,Spoken,estar,estar,0,0,1,infinitive,imperfect,other,imperfect,2.867952396,regular
CEDEL2,EN_SP_25_20_1_14_SM,SM,Lower intermediate,Spoken,gritaba,gritar,0,0,1,imperfect,preterit,imperfect,preterit,1.526239094,regular
CEDEL2,EN_SP_25_20_1_14_SM,SM,Lower intermediate,Spoken,gritó,gritar,1,0,0,preterit,preterit,preterit,preterit,1.526239094,regular
CEDEL2,EN_SP_25_20_1_14_SM,SM,Lower intermediate,Spoken,iba,ir,1,0,0,imperfect,imperfect,imperfect,imperfect,2.327339719,irregular
CEDEL2,EN_SP_25_20_1_14_SM,SM,Lower intermediate,Spoken,fui,ir,1,0,0,preterit,preterit,preterit,preterit,3.427518504,irregular
CEDEL2,EN_SP_25_20_1_14_SM,SM,Lower intermediate,Spoken,puse,poner,1,0,0,preterit,preterit,preterit,preterit,2.125102041,irregular
CEDEL2,EN_SP_25_20_1_14_SM,SM,Lower intermediate,Spoken,sentarse,sentar,0,0,1,infinitive,preterit,other,preterit,1.404797604,regular
CEDEL2,EN_SP_25_20_1_14_SM,SM,Lower intermediate,Spoken,tiene,tener,0,0,1,present,imperfect,present,imperfect,2.624223538,regular
CEDEL2,EN_SP_25_20_1_14_SM,SM,Lower intermediate,Spoken,vi,ver,1,0,0,preterit,preterit,preterit,preterit,2.40296052,regular
CEDEL2,EN_SP_27_20_6.5_14_HM,HM,Lower intermediate,Spoken,coger,coger,0,0,1,infinitive,preterit,other,preterit,1.291782854,regular
CEDEL2,EN_SP_27_20_6.5_14_HM,HM,Lower intermediate,Spoken,corrió,correr,1,0,0,preterit,preterit,preterit,preterit,1.394964214,regular
CEDEL2,EN_SP_27_20_6.5_14_HM,HM,Lower intermediate,Spoken,da,dar,0,0,1,present,preterit,present,preterit,2.503756754,irregular
CEDEL2,EN_SP_27_20_6.5_14_HM,HM,Lower intermediate,Spoken,decidió,decidir,1,0,0,preterit,preterit,preterit,preterit,2.02840824,regular
CEDEL2,EN_SP_27_20_6.5_14_HM,HM,Lower intermediate,Spoken,deja,dejar,0,0,1,present,preterit,present,preterit,2.201307812,regular
CEDEL2,EN_SP_27_20_6.5_14_HM,HM,Lower intermediate,Spoken,descubrió,descubrir,1,0,0,preterit,preterit,preterit,preterit,1.619481026,regular
CEDEL2,EN_SP_27_20_6.5_14_HM,HM,Lower intermediate,Spoken,encuentro,encontrar,0,0,1,present,preterit,present,preterit,2.158446028,regular
CEDEL2,EN_SP_27_20_6.5_14_HM,HM,Lower intermediate,Spoken,encontró,encontrar,1,0,0,preterit,preterit,preterit,preterit,2.158446028,regular
CEDEL2,EN_SP_27_20_6.5_14_HM,HM,Lower intermediate,Spoken,encuentra,encontrar,0,0,1,present,preterit,present,preterit,2.158446028,regular
CEDEL2,EN_SP_27_20_6.5_14_HM,HM,Lower intermediate,Spoken,estaba,estar,1,0,0,imperfect,imperfect,imperfect,imperfect,2.867952396,regular
CEDEL2,EN_SP_27_20_6.5_14_HM,HM,Lower intermediate,Spoken,estar,estar,0,0,1,infinitive,imperfect,other,imperfect,2.867952396,regular
CEDEL2,EN_SP_27_20_6.5_14_HM,HM,Lower intermediate,Spoken,estaba,estar,1,0,0,imperfect,imperfect,imperfect,imperfect,2.867952396,regular
CEDEL2,EN_SP_27_20_6.5_14_HM,HM,Lower intermediate,Spoken,estaba,estar,1,0,0,imperfect,imperfect,imperfect,imperfect,2.867952396,regular
CEDEL2,EN_SP_27_20_6.5_14_HM,HM,Lower intermediate,Spoken,hizo,hacer,1,0,0,preterit,preterit,preterit,preterit,2.65205113,irregular
CEDEL2,EN_SP_27_20_6.5_14_HM,HM,Lower intermediate,Spoken,intentó,intentar,1,0,0,preterit,preterit,preterit,preterit,1.701169823,regular
CEDEL2,EN_SP_27_20_6.5_14_HM,HM,Lower intermediate,Spoken,intentó,intentar,1,0,0,preterit,preterit,preterit,preterit,1.701169823,regular
CEDEL2,EN_SP_27_20_6.5_14_HM,HM,Lower intermediate,Spoken,llamó,llamar,1,0,0,preterit,preterit,preterit,preterit,1.873908879,regular
CEDEL2,EN_SP_27_20_6.5_14_HM,HM,Lower intermediate,Spoken,llegó,llegar,1,0,0,preterit,preterit,preterit,preterit,2.422201199,regular
CEDEL2,EN_SP_27_20_6.5_14_HM,HM,Lower intermediate,Spoken,necesitó,necesitar,1,0,0,preterit,preterit,preterit,preterit,1.767423012,regular
CEDEL2,EN_SP_27_20_6.5_14_HM,HM,Lower intermediate,Spoken,necesito,necesitar,0,0,1,present,preterit,present,preterit,1.767423012,regular
CEDEL2,EN_SP_27_20_6.5_14_HM,HM,Lower intermediate,Spoken,pensaba,pensar,0,0,1,imperfect,preterit,imperfect,preterit,1.89602983,regular
CEDEL2,EN_SP_27_20_6.5_14_HM,HM,Lower intermediate,Spoken,quería,querer,1,0,0,imperfect,imperfect,imperfect,imperfect,2.11692182,regular
CEDEL2,EN_SP_27_20_6.5_14_HM,HM,Lower intermediate,Spoken,recoger,recoger,0,0,1,infinitive,preterit,other,preterit,1.090154071,regular
CEDEL2,EN_SP_27_20_6.5_14_HM,HM,Lower intermediate,Spoken,redescrubrir,redescubrir,0,0,1,infinitive,preterit,other,preterit,0.129580016,regular
CEDEL2,EN_SP_27_20_6.5_14_HM,HM,Lower intermediate,Spoken,sabía,saber,1,0,0,imperfect,imperfect,imperfect,imperfect,2.009152809,regular
CEDEL2,EN_SP_27_20_6.5_14_HM,HM,Lower intermediate,Spoken,es,ser,0,0,1,present,imperfect,present,imperfect,3.211577309,irregular
CEDEL2,EN_SP_27_20_6.5_14_HM,HM,Lower intermediate,Spoken,tenía,tener,1,0,0,imperfect,imperfect,imperfect,imperfect,2.624223538,regular
CEDEL2,EN_SP_28_21_4_14_SD,SD,Lower intermediate,Spoken,da,dar,0,0,1,present,preterit,present,preterit,2.503756754,irregular
CEDEL2,EN_SP_28_21_4_14_SD,SD,Lower intermediate,Spoken,da,dar,0,0,1,present,preterit,present,preterit,2.503756754,irregular
CEDEL2,EN_SP_28_21_4_14_SD,SD,Lower intermediate,Spoken,decidió,decidir,1,0,0,preterit,preterit,preterit,preterit,2.02840824,regular
CEDEL2,EN_SP_28_21_4_14_SD,SD,Lower intermediate,Spoken,decidió,decidir,1,0,0,preterit,preterit,preterit,preterit,2.02840824,regular
CEDEL2,EN_SP_28_21_4_14_SD,SD,Lower intermediate,Spoken,encontró,encontrar,1,0,0,preterit,preterit,preterit,preterit,2.158446028,regular
CEDEL2,EN_SP_28_21_4_14_SD,SD,Lower intermediate,Spoken,encontró,encontrar,1,0,0,preterit,preterit,preterit,preterit,2.158446028,regular
CEDEL2,EN_SP_28_21_4_14_SD,SD,Lower intermediate,Spoken,encontró,encontrar,1,0,0,preterit,preterit,preterit,preterit,2.158446028,regular
CEDEL2,EN_SP_28_21_4_14_SD,SD,Lower intermediate,Spoken,estaba,estar,1,0,0,imperfect,imperfect,imperfect,imperfect,2.867952396,regular
CEDEL2,EN_SP_28_21_4_14_SD,SD,Lower intermediate,Spoken,leí,leer,1,0,0,preterit,preterit,preterit,preterit,1.116942865,irregular
CEDEL2,EN_SP_28_21_4_14_SD,SD,Lower intermediate,Spoken,luchó,luchar,1,0,0,preterit,preterit,preterit,preterit,1.174317603,regular
CEDEL2,EN_SP_28_21_4_14_SD,SD,Lower intermediate,Spoken,quería,querer,1,0,0,imperfect,imperfect,imperfect,imperfect,2.11692182,regular
CEDEL2,EN_SP_28_21_4_14_SD,SD,Lower intermediate,Spoken,quiere,querer,0,0,1,present,imperfect,present,imperfect,2.11692182,regular
CEDEL2,EN_SP_28_21_4_14_SD,SD,Lower intermediate,Spoken,quería,querer,1,0,0,imperfect,imperfect,imperfect,imperfect,2.11692182,regular
CEDEL2,EN_SP_28_21_4_14_SD,SD,Lower intermediate,Spoken,ver,ver,0,0,1,infinitive,preterit,other,preterit,2.40296052,regular
CEDEL2,EN_SP_14_23_1_14_BB,BB,Upper beginner,Spoken,estaba,estar,1,0,0,imperfect,imperfect,imperfect,imperfect,2.867952396,regular
CEDEL2,EN_SP_18_20_1.5_14_AM,AM,Upper beginner,Spoken,da,dar,0,0,1,present,preterit,present,preterit,2.503756754,irregular
CEDEL2,EN_SP_18_20_1.5_14_AM,AM,Upper beginner,Spoken,da,dar,0,0,1,present,preterit,present,preterit,2.503756754,irregular
CEDEL2,EN_SP_18_20_1.5_14_AM,AM,Upper beginner,Spoken,da,dar,0,0,1,present,preterit,present,preterit,2.503756754,irregular
CEDEL2,EN_SP_18_20_1.5_14_AM,AM,Upper beginner,Spoken,dice,decir,0,0,1,present,imperfect,present,imperfect,2.09527237,regular
CEDEL2,EN_SP_18_20_1.5_14_AM,AM,Upper beginner,Spoken,encontró,encontrar,1,0,0,preterit,preterit,preterit,preterit,2.158446028,regular
CEDEL2,EN_SP_18_20_1.5_14_AM,AM,Upper beginner,Spoken,encontró,encontrar,1,0,0,preterit,preterit,preterit,preterit,2.158446028,regular
CEDEL2,EN_SP_18_20_1.5_14_AM,AM,Upper beginner,Spoken,encontró,encontrar,1,0,0,preterit,preterit,preterit,preterit,2.158446028,regular
CEDEL2,EN_SP_18_20_1.5_14_AM,AM,Upper beginner,Spoken,encontró,encontrar,1,0,0,preterit,preterit,preterit,preterit,2.158446028,regular
CEDEL2,EN_SP_18_20_1.5_14_AM,AM,Upper beginner,Spoken,habló,hablar,1,0,0,preterit,preterit,preterit,preterit,1.78388505,regular
CEDEL2,EN_SP_18_20_1.5_14_AM,AM,Upper beginner,Spoken,es,ser,0,0,1,present,imperfect,present,imperfect,3.211577309,irregular
CEDEL2,EN_SP_18_20_1.5_14_AM,AM,Upper beginner,Spoken,tiene,tener,0,0,1,present,imperfect,present,imperfect,2.624223538,regular
CEDEL2,EN_SP_18_20_1.5_14_AM,AM,Upper beginner,Spoken,toma,tomar,0,0,1,present,preterit,present,preterit,2.139911406,regular
CEDEL2,EN_SP_30_19_7_14_GK,GK,Upper intermediate,Spoken,cayó,caer,1,0,0,preterit,preterit,preterit,preterit,1.762306539,irregular
CEDEL2,EN_SP_30_19_7_14_GK,GK,Upper intermediate,Spoken,da,dar,0,0,1,present,preterit,present,preterit,2.503756754,irregular
CEDEL2,EN_SP_30_19_7_14_GK,GK,Upper intermediate,Spoken,dijo,decir,1,0,0,preterit,preterit,preterit,preterit,2.860541693,irregular
CEDEL2,EN_SP_30_19_7_14_GK,GK,Upper intermediate,Spoken,dice,decir,0,0,1,present,imperfect,present,imperfect,2.09527237,regular
CEDEL2,EN_SP_30_19_7_14_GK,GK,Upper intermediate,Spoken,encontró,encontrar,1,0,0,preterit,preterit,preterit,preterit,2.158446028,regular
CEDEL2,EN_SP_30_19_7_14_GK,GK,Upper intermediate,Spoken,encuentra,encontrar,0,0,1,present,preterit,present,preterit,2.158446028,regular
CEDEL2,EN_SP_30_19_7_14_GK,GK,Upper intermediate,Spoken,encuentro,encontrar,0,0,1,present,preterit,present,preterit,2.158446028,regular
CEDEL2,EN_SP_30_19_7_14_GK,GK,Upper intermediate,Spoken,está,estar,0,0,1,present,imperfect,present,imperfect,2.867952396,regular
CEDEL2,EN_SP_30_19_7_14_GK,GK,Upper intermediate,Spoken,gritó,gritar,1,0,0,preterit,preterit,preterit,preterit,1.526239094,regular
CEDEL2,EN_SP_30_19_7_14_GK,GK,Upper intermediate,Spoken,había,haber,1,0,0,imperfect,imperfect,imperfect,imperfect,3.180742566,regular
CEDEL2,EN_SP_30_19_7_14_GK,GK,Upper intermediate,Spoken,había,haber,1,0,0,imperfect,imperfect,imperfect,imperfect,3.180742566,regular
CEDEL2,EN_SP_30_19_7_14_GK,GK,Upper intermediate,Spoken,necesita,necesitar,0,0,1,present,imperfect,present,imperfect,1.496197189,regular
CEDEL2,EN_SP_30_19_7_14_GK,GK,Upper intermediate,Spoken,puso,poner,1,0,0,preterit,preterit,preterit,preterit,2.125102041,irregular
CEDEL2,EN_SP_30_19_7_14_GK,GK,Upper intermediate,Spoken,puso,poner,1,0,0,preterit,preterit,preterit,preterit,2.125102041,irregular
CEDEL2,EN_SP_30_19_7_14_GK,GK,Upper intermediate,Spoken,quería,querer,1,0,0,imperfect,imperfect,imperfect,imperfect,2.11692182,regular
CEDEL2,EN_SP_30_19_7_14_GK,GK,Upper intermediate,Spoken,regresó,regresar,1,0,0,preterit,preterit,preterit,preterit,1.571968143,regular
CEDEL2,EN_SP_30_19_7_14_GK,GK,Upper intermediate,Spoken,tiene,tener,0,0,1,present,imperfect,present,imperfect,2.624223538,regular
CEDEL2,EN_SP_30_19_7_14_GK,GK,Upper intermediate,Spoken,tiene,tener,0,0,1,present,imperfect,present,imperfect,2.624223538,regular
CEDEL2,EN_SP_30_19_7_14_GK,GK,Upper intermediate,Spoken,tiene,tener,0,0,1,present,imperfect,present,imperfect,2.624223538,regular
CEDEL2,EN_SP_30_19_7_14_GK,GK,Upper intermediate,Spoken,ve,ver,0,0,1,present,preterit,present,preterit,2.40296052,regular
CEDEL2,EN_SP_31_21_6_14_PM,PM,Upper intermediate,Spoken,dio,dar,1,0,0,preterit,preterit,preterit,preterit,2.503756754,irregular
CEDEL2,EN_SP_31_21_6_14_PM,PM,Upper intermediate,Spoken,dice,decir,0,0,1,present,imperfect,present,imperfect,2.09527237,regular
CEDEL2,EN_SP_31_21_6_14_PM,PM,Upper intermediate,Spoken,encontró,encontrar,1,0,0,preterit,preterit,preterit,preterit,2.158446028,regular
CEDEL2,EN_SP_31_21_6_14_PM,PM,Upper intermediate,Spoken,encontró,encontrar,1,0,0,preterit,preterit,preterit,preterit,2.158446028,regular
CEDEL2,EN_SP_31_21_6_14_PM,PM,Upper intermediate,Spoken,encontró,encontrar,1,0,0,preterit,preterit,preterit,preterit,2.158446028,regular
CEDEL2,EN_SP_31_21_6_14_PM,PM,Upper intermediate,Spoken,estaba,estar,1,0,0,imperfect,imperfect,imperfect,imperfect,2.867952396,regular
CEDEL2,EN_SP_31_21_6_14_PM,PM,Upper intermediate,Spoken,estaba,estar,1,0,0,imperfect,imperfect,imperfect,imperfect,2.867952396,regular
CEDEL2,EN_SP_31_21_6_14_PM,PM,Upper intermediate,Spoken,está,estar,0,0,1,present,preterit,present,preterit,2.209171861,irregular
CEDEL2,EN_SP_31_21_6_14_PM,PM,Upper intermediate,Spoken,estaba,estar,1,0,0,imperfect,imperfect,imperfect,imperfect,2.867952396,regular
CEDEL2,EN_SP_31_21_6_14_PM,PM,Upper intermediate,Spoken,estaba,estar,1,0,0,imperfect,imperfect,imperfect,imperfect,2.867952396,regular
CEDEL2,EN_SP_31_21_6_14_PM,PM,Upper intermediate,Spoken,está,estar,0,0,1,present,imperfect,present,imperfect,2.867952396,regular
CEDEL2,EN_SP_31_21_6_14_PM,PM,Upper intermediate,Spoken,estaba,estar,1,0,0,imperfect,imperfect,imperfect,imperfect,2.867952396,regular
CEDEL2,EN_SP_31_21_6_14_PM,PM,Upper intermediate,Spoken,estaba,estar,1,0,0,imperfect,imperfect,imperfect,imperfect,2.867952396,regular
CEDEL2,EN_SP_31_21_6_14_PM,PM,Upper intermediate,Spoken,estaba,estar,1,0,0,imperfect,imperfect,imperfect,imperfect,2.867952396,regular
CEDEL2,EN_SP_31_21_6_14_PM,PM,Upper intermediate,Spoken,había,haber,1,0,0,imperfect,imperfect,imperfect,imperfect,3.180742566,regular
CEDEL2,EN_SP_31_21_6_14_PM,PM,Upper intermediate,Spoken,huyó,huir,1,0,0,preterit,preterit,preterit,preterit,1.165153628,irregular
CEDEL2,EN_SP_31_21_6_14_PM,PM,Upper intermediate,Spoken,iba,ir,1,0,0,imperfect,imperfect,imperfect,imperfect,2.327339719,irregular
CEDEL2,EN_SP_31_21_6_14_PM,PM,Upper intermediate,Spoken,iba,ir,1,0,0,imperfect,imperfect,imperfect,imperfect,2.327339719,irregular
CEDEL2,EN_SP_31_21_6_14_PM,PM,Upper intermediate,Spoken,iba,ir,1,0,0,imperfect,imperfect,imperfect,imperfect,2.327339719,irregular
CEDEL2,EN_SP_31_21_6_14_PM,PM,Upper intermediate,Spoken,necesita,necesitar,0,0,1,present,imperfect,present,imperfect,1.496197189,regular
CEDEL2,EN_SP_31_21_6_14_PM,PM,Upper intermediate,Spoken,paró,parar,1,0,0,preterit,preterit,preterit,preterit,1.105473941,regular
CEDEL2,EN_SP_31_21_6_14_PM,PM,Upper intermediate,Spoken,pasó,pasar,1,0,0,preterit,preterit,preterit,preterit,2.201059199,regular
CEDEL2,EN_SP_31_21_6_14_PM,PM,Upper intermediate,Spoken,puso,poner,1,0,0,preterit,preterit,preterit,preterit,2.125102041,irregular
CEDEL2,EN_SP_31_21_6_14_PM,PM,Upper intermediate,Spoken,supo,saber,1,0,0,preterit,preterit,preterit,preterit,1.674506922,irregular
CEDEL2,EN_SP_31_21_6_14_PM,PM,Upper intermediate,Spoken,era,ser,1,0,0,imperfect,imperfect,imperfect,imperfect,3.211577309,irregular
CEDEL2,EN_SP_31_21_6_14_PM,PM,Upper intermediate,Spoken,era,ser,1,0,0,imperfect,imperfect,imperfect,imperfect,3.211577309,irregular
CEDEL2,EN_SP_31_21_6_14_PM,PM,Upper intermediate,Spoken,tenía,tener,1,0,0,imperfect,imperfect,imperfect,imperfect,2.624223538,regular
CEDEL2,EN_SP_31_21_6_14_PM,PM,Upper intermediate,Spoken,tuvo,tener,1,0,0,preterit,preterit,preterit,preterit,2.570764351,irregular
CEDEL2,EN_SP_31_21_6_14_PM,PM,Upper intermediate,Spoken,tomó,tomar,1,0,0,preterit,preterit,preterit,preterit,2.139911406,regular
CEDEL2,EN_SP_31_21_6_14_PM,PM,Upper intermediate,Spoken,trató,tratar,1,0,0,preterit,preterit,preterit,preterit,1.667342142,regular
CEDEL2,EN_SP_31_21_6_14_PM,PM,Upper intermediate,Spoken,ha,ver,0,0,1,present perfect,preterit,other,preterit,2.40296052,regular
CEDEL2,EN_SP_31_21_6_14_PM,PM,Upper intermediate,Spoken,vio,ver,1,0,0,preterit,preterit,preterit,preterit,2.40296052,regular
CEDEL2,EN_SP_31_21_6_14_PM,PM,Upper intermediate,Spoken,ha,ver,0,0,1,present perfect,preterit,other,preterit,2.40296052,regular
CEDEL2,EN_SP_34_20_8_14_ER,ER,Upper intermediate,Spoken,caminaba,caminar,1,0,0,imperfect,imperfect,imperfect,imperfect,1.048299838,regular
CEDEL2,EN_SP_34_20_8_14_ER,ER,Upper intermediate,Spoken,decidió,decidir,1,0,0,preterit,preterit,preterit,preterit,2.02840824,regular
CEDEL2,EN_SP_34_20_8_14_ER,ER,Upper intermediate,Spoken,dice,decir,0,0,1,present,imperfect,present,imperfect,2.09527237,regular
CEDEL2,EN_SP_34_20_8_14_ER,ER,Upper intermediate,Spoken,empezó,empezar,1,0,0,preterit,preterit,preterit,preterit,2.154113663,regular
CEDEL2,EN_SP_34_20_8_14_ER,ER,Upper intermediate,Spoken,empezó,empezar,1,0,0,preterit,preterit,preterit,preterit,2.154113663,regular
CEDEL2,EN_SP_34_20_8_14_ER,ER,Upper intermediate,Spoken,empezó,empezar,1,0,0,preterit,preterit,preterit,preterit,2.154113663,regular
CEDEL2,EN_SP_34_20_8_14_ER,ER,Upper intermediate,Spoken,encontró,encontrar,1,0,0,preterit,preterit,preterit,preterit,2.158446028,regular
CEDEL2,EN_SP_34_20_8_14_ER,ER,Upper intermediate,Spoken,encontró,encontrar,1,0,0,preterit,preterit,preterit,preterit,2.158446028,regular
CEDEL2,EN_SP_34_20_8_14_ER,ER,Upper intermediate,Spoken,encontró,encontrar,1,0,0,preterit,preterit,preterit,preterit,2.158446028,regular
CEDEL2,EN_SP_34_20_8_14_ER,ER,Upper intermediate,Spoken,estaba,estar,1,0,0,imperfect,imperfect,imperfect,imperfect,2.867952396,regular
CEDEL2,EN_SP_34_20_8_14_ER,ER,Upper intermediate,Spoken,fue,ir,1,0,0,preterit,preterit,preterit,preterit,3.427518504,irregular
CEDEL2,EN_SP_34_20_8_14_ER,ER,Upper intermediate,Spoken,fue,ir,0,0,1,preterit,imperfect,preterit,imperfect,2.327339719,irregular
CEDEL2,EN_SP_34_20_8_14_ER,ER,Upper intermediate,Spoken,fue,ir,0,0,1,preterit,imperfect,preterit,imperfect,2.327339719,irregular
CEDEL2,EN_SP_34_20_8_14_ER,ER,Upper intermediate,Spoken,fue,ir,0,0,1,preterit,imperfect,preterit,imperfect,2.327339719,irregular
CEDEL2,EN_SP_34_20_8_14_ER,ER,Upper intermediate,Spoken,fue,ir,0,0,1,preterit,imperfect,preterit,imperfect,2.327339719,irregular
CEDEL2,EN_SP_34_20_8_14_ER,ER,Upper intermediate,Spoken,fue,ir,0,0,1,preterit,imperfect,preterit,imperfect,2.327339719,irregular
CEDEL2,EN_SP_34_20_8_14_ER,ER,Upper intermediate,Spoken,llamar,llamar,0,0,1,infinitive,preterit,other,preterit,1.873908879,regular
CEDEL2,EN_SP_34_20_8_14_ER,ER,Upper intermediate,Spoken,pasé,pasar,1,0,0,preterit,preterit,preterit,preterit,2.201059199,regular
CEDEL2,EN_SP_34_20_8_14_ER,ER,Upper intermediate,Spoken,pensaba,pensar,0,0,1,imperfect,preterit,imperfect,preterit,1.89602983,regular
CEDEL2,EN_SP_34_20_8_14_ER,ER,Upper intermediate,Spoken,pensaba,pensar,0,0,1,imperfect,preterit,imperfect,preterit,1.89602983,regular
CEDEL2,EN_SP_34_20_8_14_ER,ER,Upper intermediate,Spoken,pensaba,pensar,1,0,0,imperfect,preterit,imperfect,preterit,1.89602983,regular
CEDEL2,EN_SP_34_20_8_14_ER,ER,Upper intermediate,Spoken,pensaba,pensar,1,0,0,imperfect,imperfect,imperfect,imperfect,1.703410359,regular
CEDEL2,EN_SP_34_20_8_14_ER,ER,Upper intermediate,Spoken,podía,poder,1,0,0,imperfect,imperfect,imperfect,imperfect,2.456222057,regular
CEDEL2,EN_SP_34_20_8_14_ER,ER,Upper intermediate,Spoken,pone,poner,0,0,1,present,preterit,present,preterit,2.125102041,irregular
CEDEL2,EN_SP_34_20_8_14_ER,ER,Upper intermediate,Spoken,pone,poner,0,0,1,present,preterit,present,preterit,2.125102041,irregular
CEDEL2,EN_SP_34_20_8_14_ER,ER,Upper intermediate,Spoken,tomó,tomar,1,0,0,preterit,preterit,preterit,preterit,2.139911406,regular
CEDEL2,EN_SP_34_20_8_14_ER,ER,Upper intermediate,Spoken,tomó,tomar,1,0,0,preterit,preterit,preterit,preterit,2.139911406,regular
CEDEL2,EN_SP_34_20_8_14_ER,ER,Upper intermediate,Spoken,traté,tratar,1,0,0,preterit,preterit,preterit,preterit,1.667342142,regular
CEDEL2,EN_SP_34_21_6_14_CO,CO,Upper intermediate,Spoken,camina,caminar,0,0,1,PRESENT,PRETERIT,present,preterit,0.9082784922,regular
CEDEL2,EN_SP_34_21_6_14_CO,CO,Upper intermediate,Spoken,da,dar,0,0,1,PRESENT,PRETERIT,present,preterit,2.503756754,irregular
CEDEL2,EN_SP_34_21_6_14_CO,CO,Upper intermediate,Spoken,dice,decir,0,0,1,PRESENT,PRETERIT,present,preterit,2.860541693,irregular
CEDEL2,EN_SP_34_21_6_14_CO,CO,Upper intermediate,Spoken,dice,decir,0,0,1,PRESENT,PRETERIT,present,preterit,2.860541693,irregular
CEDEL2,EN_SP_34_21_6_14_CO,CO,Upper intermediate,Spoken,dice,decir,0,0,1,PRESENT,IMPERFECT,present,imperfect,2.09527237,regular
CEDEL2,EN_SP_34_21_6_14_CO,CO,Upper intermediate,Spoken,encontró,encontrar,1,0,0,PRETERIT,PRETERIT,preterit,preterit,2.158446028,regular
CEDEL2,EN_SP_34_21_6_14_CO,CO,Upper intermediate,Spoken,encontró,encontrar,1,0,0,PRETERIT,PRETERIT,preterit,preterit,2.158446028,regular
CEDEL2,EN_SP_34_21_6_14_CO,CO,Upper intermediate,Spoken,encontró,encontrar,1,0,0,PRETERIT,PRETERIT,preterit,preterit,2.158446028,regular
CEDEL2,EN_SP_34_21_6_14_CO,CO,Upper intermediate,Spoken,encontró,encontrar,1,0,0,PRETERIT,PRETERIT,preterit,preterit,2.158446028,regular
CEDEL2,EN_SP_34_21_6_14_CO,CO,Upper intermediate,Spoken,está,estar,0,0,1,PRESENT,IMPERFECT,present,imperfect,2.867952396,regular
CEDEL2,EN_SP_34_21_6_14_CO,CO,Upper intermediate,Spoken,hay,haber,0,0,1,PRESENT,IMPERFECT,present,imperfect,3.180742566,regular
CEDEL2,EN_SP_34_21_6_14_CO,CO,Upper intermediate,Spoken,fue,ir,1,0,0,PRETERIT,PRETERIT,preterit,preterit,3.427518504,irregular
CEDEL2,EN_SP_34_21_6_14_CO,CO,Upper intermediate,Spoken,va,ir,0,0,1,PRESENT,PRETERIT,present,preterit,3.427518504,irregular
CEDEL2,EN_SP_34_21_6_14_CO,CO,Upper intermediate,Spoken,paró,parar,1,0,0,PRETERIT,PRETERIT,preterit,preterit,1.105473941,regular
CEDEL2,EN_SP_34_21_6_14_CO,CO,Upper intermediate,Spoken,paró,parar,1,0,0,PRETERIT,PRETERIT,preterit,preterit,1.105473941,regular
CEDEL2,EN_SP_34_21_6_14_CO,CO,Upper intermediate,Spoken,puede,poder,0,0,1,PRESENT,IMPERFECT,present,imperfect,2.456222057,regular
CEDEL2,EN_SP_34_21_6_14_CO,CO,Upper intermediate,Spoken,pone,poner,0,0,1,PRESENT,PRETERIT,present,preterit,2.125102041,irregular
CEDEL2,EN_SP_34_21_6_14_CO,CO,Upper intermediate,Spoken,pone,poner,0,0,1,PRESENT,PRETERIT,present,preterit,2.125102041,irregular
CEDEL2,EN_SP_34_21_6_14_CO,CO,Upper intermediate,Spoken,se,saber,0,0,1,PRESENT,IMPERFECT,present,imperfect,2.009152809,regular
CEDEL2,EN_SP_34_21_6_14_CO,CO,Upper intermediate,Spoken,sabe,saber,0,0,1,PRESENT,IMPERFECT,present,imperfect,2.009152809,regular
CEDEL2,EN_SP_34_21_6_14_CO,CO,Upper intermediate,Spoken,saco,sacar,1,0,0,PRETERIT,PRETERIT,preterit,preterit,1.602408058,regular
CEDEL2,EN_SP_34_21_6_14_CO,CO,Upper intermediate,Spoken,sienta,sentar,0,0,1,PRESENT,PRETERIT,present,preterit,1.404797604,regular
CEDEL2,EN_SP_34_21_6_14_CO,CO,Upper intermediate,Spoken,es,ser,0,0,1,PRESENT,IMPERFECT,present,imperfect,3.211577309,irregular
CEDEL2,EN_SP_34_21_6_14_CO,CO,Upper intermediate,Spoken,tiene,tener,0,0,1,PRESENT,PRETERIT,present,preterit,2.570764351,irregular
CEDEL2,EN_SP_34_21_6_14_CO,CO,Upper intermediate,Spoken,tiene,tener,0,0,1,PRESENT,IMPERFECT,present,imperfect,2.624223538,regular
CEDEL2,EN_SP_34_21_6_14_CO,CO,Upper intermediate,Spoken,tiene,tener,0,0,1,PRESENT,IMPERFECT,present,imperfect,2.624223538,regular
CEDEL2,EN_SP_34_21_6_14_CO,CO,Upper intermediate,Spoken,vio,ver,1,0,0,PRETERIT,PRETERIT,preterit,preterit,2.40296052,regular
CEDEL2,EN_SP_35_20_7_14_TK,TK,Upper intermediate,Spoken,caminaba,caminar,0,0,1,IMPERFECT,PRETERIT,imperfect,preterit,0.9082784922,regular
CEDEL2,EN_SP_35_20_7_14_TK,TK,Upper intermediate,Spoken,cogió,coger,1,0,0,PRETERIT,PRETERIT,preterit,preterit,1.291782854,regular
CEDEL2,EN_SP_35_20_7_14_TK,TK,Upper intermediate,Spoken,cogió,coger,1,0,0,PRETERIT,PRETERIT,preterit,preterit,1.291782854,regular
CEDEL2,EN_SP_35_20_7_14_TK,TK,Upper intermediate,Spoken,cogió,coger,1,0,0,PRETERIT,PRETERIT,preterit,preterit,1.291782854,regular
CEDEL2,EN_SP_35_20_7_14_TK,TK,Upper intermediate,Spoken,encontró,encontrar,1,0,0,PRETERIT,IMPERFECT,preterit,imperfect,1.984815607,regular
CEDEL2,EN_SP_35_20_7_14_TK,TK,Upper intermediate,Spoken,entiendo,entender,0,0,1,PRESENT,PRETERIT,present,preterit,1.018514927,regular
CEDEL2,EN_SP_35_20_7_14_TK,TK,Upper intermediate,Spoken,estaba,estar,1,0,0,IMPERFECT,IMPERFECT,imperfect,imperfect,2.867952396,regular
CEDEL2,EN_SP_35_20_7_14_TK,TK,Upper intermediate,Spoken,estaba,estar,1,0,0,IMPERFECT,IMPERFECT,imperfect,imperfect,2.867952396,regular
CEDEL2,EN_SP_35_20_7_14_TK,TK,Upper intermediate,Spoken,estaba,estar,1,0,0,IMPERFECT,IMPERFECT,imperfect,imperfect,2.867952396,regular
CEDEL2,EN_SP_35_20_7_14_TK,TK,Upper intermediate,Spoken,estaba,estar,1,0,0,IMPERFECT,IMPERFECT,imperfect,imperfect,2.867952396,regular
CEDEL2,EN_SP_35_20_7_14_TK,TK,Upper intermediate,Spoken,fumaba,fumar,1,0,0,IMPERFECT,IMPERFECT,imperfect,imperfect,0.5086198005,regular
CEDEL2,EN_SP_35_20_7_14_TK,TK,Upper intermediate,Spoken,fumaba,fumar,1,0,0,IMPERFECT,IMPERFECT,imperfect,imperfect,0.5086198005,regular
CEDEL2,EN_SP_35_20_7_14_TK,TK,Upper intermediate,Spoken,voy,ir,0,0,1,PRESENT,IMPERFECT,present,imperfect,2.327339719,irregular
CEDEL2,EN_SP_35_20_7_14_TK,TK,Upper intermediate,Spoken,leyó,leer,1,0,0,PRETERIT,PRETERIT,preterit,preterit,1.116942865,irregular
CEDEL2,EN_SP_35_20_7_14_TK,TK,Upper intermediate,Spoken,perteneció,pertenecer,0,0,1,PRETERIT,IMPERFECT,preterit,imperfect,1.388609654,regular
CEDEL2,EN_SP_35_20_7_14_TK,TK,Upper intermediate,Spoken,perteneció,pertenecer,0,0,1,PRETERIT,IMPERFECT,preterit,imperfect,1.388609654,regular
CEDEL2,EN_SP_35_20_7_14_TK,TK,Upper intermediate,Spoken,puso,poner,1,0,0,PRETERIT,PRETERIT,preterit,preterit,2.125102041,irregular
CEDEL2,EN_SP_35_20_7_14_TK,TK,Upper intermediate,Spoken,puso,poner,1,0,0,PRETERIT,PRETERIT,preterit,preterit,2.125102041,irregular
CEDEL2,EN_SP_35_20_7_14_TK,TK,Upper intermediate,Spoken,quise,querer,0,0,1,PRETERIT,IMPERFECT,preterit,imperfect,2.11692182,regular
CEDEL2,EN_SP_35_20_7_14_TK,TK,Upper intermediate,Spoken,quiso,querer,1,0,0,PRETERIT,PRETERIT,preterit,preterit,1.945952018,irregular
CEDEL2,EN_SP_35_20_7_14_TK,TK,Upper intermediate,Spoken,supo,saber,0,0,1,PRETERIT,IMPERFECT,preterit,imperfect,2.009152809,regular
CEDEL2,EN_SP_35_20_7_14_TK,TK,Upper intermediate,Spoken,salió,salir,1,0,0,PRETERIT,PRETERIT,preterit,preterit,2.021601076,regular
CEDEL2,EN_SP_35_20_7_14_TK,TK,Upper intermediate,Spoken,sentaba,sentar,0,0,1,IMPERFECT,PRETERIT,imperfect,preterit,1.404797604,regular
CEDEL2,EN_SP_35_20_7_14_TK,TK,Upper intermediate,Spoken,es,ser,0,0,1,PRESENT,IMPERFECT,present,imperfect,3.211577309,irregular
CEDEL2,EN_SP_35_20_7_14_TK,TK,Upper intermediate,Spoken,es,ser,0,0,1,PRESENT,IMPERFECT,present,imperfect,3.211577309,irregular
CEDEL2,EN_SP_35_20_7_14_TK,TK,Upper intermediate,Spoken,trataba,tratar,0,0,1,IMPERFECT,PRETERIT,imperfect,preterit,1.667342142,regular
CEDEL2,EN_SP_35_20_7_14_TK,TK,Upper intermediate,Spoken,vi,ver,1,0,0,PRETERIT,PRETERIT,preterit,preterit,2.40296052,regular
CEDEL2,EN_SP_35_20_7_14_TK,TK,Upper intermediate,Spoken,vio,ver,1,0,0,PRETERIT,PRETERIT,preterit,preterit,2.40296052,regular
CEDEL2,EN_SP_35_20_7_14_TK,TK,Upper intermediate,Spoken,vi,ver,1,0,0,PRETERIT,PRETERIT,preterit,preterit,2.40296052,regular
CEDEL2,EN_WR_25_20_1_14_SM,SM,Lower intermediate,Written,caminó,caminar,0,0,1,preterit,imperfect,preterit,imperfect,1.048299838,regular
CEDEL2,EN_WR_25_20_1_14_SM,SM,Lower intermediate,Written,corrió,correr,1,0,0,preterit,preterit,preterit,preterit,1.394964214,regular
CEDEL2,EN_WR_25_20_1_14_SM,SM,Lower intermediate,Written,cuidó,cuidar,1,0,0,preterit,preterit,preterit,preterit,0.5723819902,regular
CEDEL2,EN_WR_25_20_1_14_SM,SM,Lower intermediate,Written,dio,dar,1,0,0,preterit,preterit,preterit,preterit,2.503756754,irregular
CEDEL2,EN_WR_25_20_1_14_SM,SM,Lower intermediate,Written,encontró,encontrar,1,0,0,preterit,preterit,preterit,preterit,2.158446028,regular
CEDEL2,EN_WR_25_20_1_14_SM,SM,Lower intermediate,Written,encontró,encontrar,1,0,0,preterit,preterit,preterit,preterit,2.158446028,regular
CEDEL2,EN_WR_25_20_1_14_SM,SM,Lower intermediate,Written,estaba,estar,1,0,0,imperfect,imperfect,imperfect,imperfect,2.867952396,regular
CEDEL2,EN_WR_25_20_1_14_SM,SM,Lower intermediate,Written,estaba,estar,1,0,0,imperfect,imperfect,imperfect,imperfect,2.867952396,regular
CEDEL2,EN_WR_25_20_1_14_SM,SM,Lower intermediate,Written,leyó,leer,1,0,0,preterit,preterit,preterit,preterit,1.116942865,irregular
CEDEL2,EN_WR_25_20_1_14_SM,SM,Lower intermediate,Written,puso,poner,1,0,0,preterit,preterit,preterit,preterit,2.125102041,irregular
CEDEL2,EN_WR_25_20_1_14_SM,SM,Lower intermediate,Written,puso,poner,1,0,0,preterit,preterit,preterit,preterit,2.125102041,irregular
CEDEL2,EN_WR_25_20_1_14_SM,SM,Lower intermediate,Written,quiso,querer,1,0,0,preterit,preterit,preterit,preterit,1.945952018,irregular
CEDEL2,EN_WR_25_20_1_14_SM,SM,Lower intermediate,Written,tomó,tomar,1,0,0,preterit,preterit,preterit,preterit,2.139911406,regular
CEDEL2,EN_WR_25_20_1_14_SM,SM,Lower intermediate,Written,tomó,tomar,1,0,0,preterit,preterit,preterit,preterit,2.139911406,regular
CEDEL2,EN_WR_25_20_1_14_SM,SM,Lower intermediate,Written,vio,ver,1,0,0,preterit,preterit,preterit,preterit,2.40296052,regular
CEDEL2,EN_WR_27_20_6.5_14_HM,HM,Lower intermediate,Written,caminaba,caminar,1,0,0,imperfect,imperfect,imperfect,imperfect,1.048299838,regular
CEDEL2,EN_WR_27_20_6.5_14_HM,HM,Lower intermediate,Written,caminaba,caminar,1,0,0,imperfect,imperfect,imperfect,imperfect,1.048299838,regular
CEDEL2,EN_WR_27_20_6.5_14_HM,HM,Lower intermediate,Written,corrio,correr,1,0,0,preterit,preterit,preterit,preterit,1.394964214,regular
CEDEL2,EN_WR_27_20_6.5_14_HM,HM,Lower intermediate,Written,dio,dar,1,0,0,preterit,preterit,preterit,preterit,2.503756754,irregular
CEDEL2,EN_WR_27_20_6.5_14_HM,HM,Lower intermediate,Written,decia,decir,1,0,0,imperfect,imperfect,imperfect,imperfect,2.09527237,regular
CEDEL2,EN_WR_27_20_6.5_14_HM,HM,Lower intermediate,Written,dejo,dejar,1,0,0,preterit,preterit,preterit,preterit,2.201307812,regular
CEDEL2,EN_WR_27_20_6.5_14_HM,HM,Lower intermediate,Written,dejo,dejar,1,0,0,preterit,preterit,preterit,preterit,2.201307812,regular
CEDEL2,EN_WR_27_20_6.5_14_HM,HM,Lower intermediate,Written,descrubio,descubrir,1,0,0,preterit,preterit,preterit,preterit,1.619481026,regular
CEDEL2,EN_WR_27_20_6.5_14_HM,HM,Lower intermediate,Written,descubrio,descubrir,1,0,0,preterit,preterit,preterit,preterit,1.619481026,regular
CEDEL2,EN_WR_27_20_6.5_14_HM,HM,Lower intermediate,Written,encontro,encontrar,1,0,0,preterit,preterit,preterit,preterit,2.158446028,regular
CEDEL2,EN_WR_27_20_6.5_14_HM,HM,Lower intermediate,Written,estaba,estar,1,0,0,preterit,preterit,preterit,preterit,2.209171861,irregular
CEDEL2,EN_WR_27_20_6.5_14_HM,HM,Lower intermediate,Written,estaba,estar,1,0,0,imperfect,imperfect,imperfect,imperfect,2.867952396,regular
CEDEL2,EN_WR_27_20_6.5_14_HM,HM,Lower intermediate,Written,estaba,estar,1,0,0,imperfect,imperfect,imperfect,imperfect,2.867952396,regular
CEDEL2,EN_WR_27_20_6.5_14_HM,HM,Lower intermediate,Written,queria,querer,1,0,0,imperfect,imperfect,imperfect,imperfect,2.11692182,regular
CEDEL2,EN_WR_27_20_6.5_14_HM,HM,Lower intermediate,Written,salio,salir,1,0,0,preterit,preterit,preterit,preterit,2.021601076,regular
CEDEL2,EN_WR_27_20_6.5_14_HM,HM,Lower intermediate,Written,salio,salir,1,0,0,preterit,preterit,preterit,preterit,2.021601076,regular
CEDEL2,EN_WR_27_20_6.5_14_HM,HM,Lower intermediate,Written,sento,sentar,1,0,0,preterit,preterit,preterit,preterit,1.404797604,regular
CEDEL2,EN_WR_27_20_6.5_14_HM,HM,Lower intermediate,Written,tuvo,tener,1,0,0,preterit,preterit,preterit,preterit,2.570764351,irregular
CEDEL2,EN_WR_27_20_6.5_14_HM,HM,Lower intermediate,Written,tenia,tener,1,0,0,imperfect,imperfect,imperfect,imperfect,2.624223538,regular
CEDEL2,EN_WR_28_21_4_14_SD,SD,Lower intermediate,Written,decidió,decidir,1,0,0,preterit,preterit,preterit,preterit,2.02840824,regular
CEDEL2,EN_WR_28_21_4_14_SD,SD,Lower intermediate,Written,dijo,decir,1,0,0,preterit,preterit,preterit,preterit,2.860541693,irregular
CEDEL2,EN_WR_28_21_4_14_SD,SD,Lower intermediate,Written,dijo,decir,1,0,0,preterit,preterit,preterit,preterit,2.860541693,irregular
CEDEL2,EN_WR_28_21_4_14_SD,SD,Lower intermediate,Written,encontró,encontrar,1,0,0,preterit,preterit,preterit,preterit,2.158446028,regular
CEDEL2,EN_WR_28_21_4_14_SD,SD,Lower intermediate,Written,encontró,encontrar,1,0,0,preterit,preterit,preterit,preterit,2.158446028,regular
CEDEL2,EN_WR_28_21_4_14_SD,SD,Lower intermediate,Written,está,estar,0,0,1,present,imperfect,present,imperfect,2.867952396,regular
CEDEL2,EN_WR_28_21_4_14_SD,SD,Lower intermediate,Written,estaba,estar,1,0,0,imperfect,imperfect,imperfect,imperfect,2.867952396,regular
CEDEL2,EN_WR_28_21_4_14_SD,SD,Lower intermediate,Written,olvidó,olvidar,1,0,0,preterit,preterit,preterit,preterit,1.039370688,regular
CEDEL2,EN_WR_28_21_4_14_SD,SD,Lower intermediate,Written,pensó,pensar,1,0,0,preterit,preterit,preterit,preterit,1.89602983,regular
CEDEL2,EN_WR_28_21_4_14_SD,SD,Lower intermediate,Written,quería,querer,1,0,0,preterit,preterit,preterit,preterit,1.945952018,irregular
CEDEL2,EN_WR_28_21_4_14_SD,SD,Lower intermediate,Written,quería,querer,1,0,0,imperfect,imperfect,imperfect,imperfect,2.11692182,regular
CEDEL2,EN_WR_28_21_4_14_SD,SD,Lower intermediate,Written,sabía,saber,1,0,0,preterit,preterit,preterit,preterit,1.674506922,irregular
CEDEL2,EN_WR_28_21_4_14_SD,SD,Lower intermediate,Written,es,ser,0,0,1,present,imperfect,present,imperfect,3.211577309,irregular
CEDEL2,EN_WR_28_21_4_14_SD,SD,Lower intermediate,Written,es,ser,0,0,1,present,imperfect,present,imperfect,3.211577309,irregular
CEDEL2,EN_WR_28_21_4_14_SD,SD,Lower intermediate,Written,trataba,tratar,0,0,1,imperfect,preterit,imperfect,preterit,1.667342142,regular
CEDEL2,EN_WR_28_21_4_14_SD,SD,Lower intermediate,Written,vio,ver,1,0,0,preterit,preterit,preterit,preterit,2.40296052,regular
CEDEL2,EN_WR_14_23_1_14_BB,BB,Upper beginner,Written,encontro,encontrar,1,0,0,preterit,preterit,preterit,preterit,2.158446028,regular
CEDEL2,EN_WR_14_23_1_14_BB,BB,Upper beginner,Written,estaba,estar,1,0,0,imperfect,imperfect,imperfect,imperfect,2.867952396,regular
CEDEL2,EN_WR_18_20_1.5_14_AM,AM,Upper beginner,Written,dije,decir,1,0,0,preterit,preterit,preterit,preterit,2.860541693,irregular
CEDEL2,EN_WR_18_20_1.5_14_AM,AM,Upper beginner,Written,llava,llevar,0,0,1,present,preterit,present,preterit,2.092635503,regular
CEDEL2,EN_WR_18_20_1.5_14_AM,AM,Upper beginner,Written,veía,ver,0,0,1,imperfect,preterit,imperfect,preterit,2.40296052,regular
CEDEL2,EN_WR_30_19_7_14_GK,GK,Upper intermediate,Written,da,dar,0,0,1,present,preterit,present,preterit,2.503756754,irregular
CEDEL2,EN_WR_30_19_7_14_GK,GK,Upper intermediate,Written,dice,decir,0,0,1,present,imperfect,present,imperfect,2.09527237,regular
CEDEL2,EN_WR_30_19_7_14_GK,GK,Upper intermediate,Written,encontró,encontrar,1,0,0,preterit,preterit,preterit,preterit,2.158446028,regular
CEDEL2,EN_WR_30_19_7_14_GK,GK,Upper intermediate,Written,estaba,estar,1,0,0,imperfect,imperfect,imperfect,imperfect,2.867952396,regular
CEDEL2,EN_WR_30_19_7_14_GK,GK,Upper intermediate,Written,había,haber,1,0,0,imperfect,imperfect,imperfect,imperfect,3.180742566,regular
CEDEL2,EN_WR_30_19_7_14_GK,GK,Upper intermediate,Written,había,haber,1,0,0,imperfect,imperfect,imperfect,imperfect,3.180742566,regular
CEDEL2,EN_WR_30_19_7_14_GK,GK,Upper intermediate,Written,llamó,llamar,1,0,0,preterit,preterit,preterit,preterit,1.873908879,regular
CEDEL2,EN_WR_30_19_7_14_GK,GK,Upper intermediate,Written,necesitaba,necesitar,0,0,1,imperfect,preterit,imperfect,preterit,1.767423012,regular
CEDEL2,EN_WR_30_19_7_14_GK,GK,Upper intermediate,Written,puso,poner,1,0,0,preterit,preterit,preterit,preterit,2.125102041,irregular
CEDEL2,EN_WR_30_19_7_14_GK,GK,Upper intermediate,Written,puso,poner,1,0,0,preterit,preterit,preterit,preterit,2.125102041,irregular
CEDEL2,EN_WR_30_19_7_14_GK,GK,Upper intermediate,Written,puso,poner,1,0,0,preterit,preterit,preterit,preterit,2.125102041,irregular
CEDEL2,EN_WR_30_19_7_14_GK,GK,Upper intermediate,Written,quiso,querer,1,0,0,preterit,preterit,preterit,preterit,1.945952018,irregular
CEDEL2,EN_WR_30_19_7_14_GK,GK,Upper intermediate,Written,quiso,querer,1,0,0,preterit,preterit,preterit,preterit,1.945952018,irregular
CEDEL2,EN_WR_30_19_7_14_GK,GK,Upper intermediate,Written,tenía,tener,1,0,0,imperfect,imperfect,imperfect,imperfect,2.624223538,regular
CEDEL2,EN_WR_30_19_7_14_GK,GK,Upper intermediate,Written,tenía,tener,1,0,0,imperfect,imperfect,imperfect,imperfect,2.624223538,regular
CEDEL2,EN_WR_30_19_7_14_GK,GK,Upper intermediate,Written,tomó,tomar,1,0,0,preterit,preterit,preterit,preterit,2.139911406,regular
CEDEL2,EN_WR_30_19_7_14_GK,GK,Upper intermediate,Written,tomó,tomar,1,0,0,preterit,preterit,preterit,preterit,2.139911406,regular
CEDEL2,EN_WR_30_19_7_14_GK,GK,Upper intermediate,Written,tomó,tomar,1,0,0,preterit,preterit,preterit,preterit,2.139911406,regular
CEDEL2,EN_WR_30_19_7_14_GK,GK,Upper intermediate,Written,tomó,tomar,1,0,0,preterit,preterit,preterit,preterit,2.139911406,regular
CEDEL2,EN_WR_30_19_7_14_GK,GK,Upper intermediate,Written,visto,ver,0,0,1,past participle,preterit,other,preterit,2.40296052,regular
CEDEL2,EN_WR_30_19_7_14_GK,GK,Upper intermediate,Written,visto,ver,0,0,1,past participle,preterit,other,preterit,2.40296052,regular
CEDEL2,EN_WR_30_19_7_14_GK,GK,Upper intermediate,Written,visto,ver,0,0,1,past participle,preterit,other,preterit,2.40296052,regular
CEDEL2,EN_WR_31_21_6_14_PM,PM,Upper intermediate,Written,dio,dar,1,0,0,preterit,preterit,preterit,preterit,2.503756754,irregular
CEDEL2,EN_WR_31_21_6_14_PM,PM,Upper intermediate,Written,dio,dar,1,0,0,preterit,preterit,preterit,preterit,2.503756754,irregular
CEDEL2,EN_WR_31_21_6_14_PM,PM,Upper intermediate,Written,debía,deber,1,0,0,imperfect,imperfect,imperfect,imperfect,2.108870188,regular
CEDEL2,EN_WR_31_21_6_14_PM,PM,Upper intermediate,Written,encontró,encontrar,1,0,0,preterit,preterit,preterit,preterit,2.158446028,regular
CEDEL2,EN_WR_31_21_6_14_PM,PM,Upper intermediate,Written,encontró,encontrar,1,0,0,preterit,preterit,preterit,preterit,2.158446028,regular
CEDEL2,EN_WR_31_21_6_14_PM,PM,Upper intermediate,Written,estaba,estar,1,0,0,imperfect,imperfect,imperfect,imperfect,2.867952396,regular
CEDEL2,EN_WR_31_21_6_14_PM,PM,Upper intermediate,Written,estaba,estar,1,0,0,imperfect,imperfect,imperfect,imperfect,2.867952396,regular
CEDEL2,EN_WR_31_21_6_14_PM,PM,Upper intermediate,Written,gritó,gritar,1,0,0,preterit,preterit,preterit,preterit,1.526239094,regular
CEDEL2,EN_WR_31_21_6_14_PM,PM,Upper intermediate,Written,huyo,huir,1,0,0,preterit,preterit,preterit,preterit,1.165153628,irregular
CEDEL2,EN_WR_31_21_6_14_PM,PM,Upper intermediate,Written,leyó,leer,0,0,1,preterit,imperfect,preterit,imperfect,0.9030179967,regular
CEDEL2,EN_WR_31_21_6_14_PM,PM,Upper intermediate,Written,pasó,pasar,1,0,0,preterit,preterit,preterit,preterit,2.201059199,regular
CEDEL2,EN_WR_31_21_6_14_PM,PM,Upper intermediate,Written,pasó,pasar,1,0,0,preterit,preterit,preterit,preterit,2.201059199,regular
CEDEL2,EN_WR_31_21_6_14_PM,PM,Upper intermediate,Written,quedó,quedar,1,0,0,preterit,preterit,preterit,preterit,2.213543315,regular
CEDEL2,EN_WR_31_21_6_14_PM,PM,Upper intermediate,Written,quería,querer,1,0,0,imperfect,imperfect,imperfect,imperfect,2.11692182,regular
CEDEL2,EN_WR_31_21_6_14_PM,PM,Upper intermediate,Written,tenía,tener,1,0,0,imperfect,imperfect,imperfect,imperfect,2.624223538,regular
CEDEL2,EN_WR_31_21_6_14_PM,PM,Upper intermediate,Written,tiene,tener,0,0,1,present,imperfect,present,imperfect,2.624223538,regular
CEDEL2,EN_WR_31_21_6_14_PM,PM,Upper intermediate,Written,tuvo,tener,1,0,0,preterit,preterit,preterit,preterit,2.570764351,irregular
CEDEL2,EN_WR_31_21_6_14_PM,PM,Upper intermediate,Written,trató,tratar,1,0,0,preterit,preterit,preterit,preterit,1.667342142,regular
CEDEL2,EN_WR_31_21_6_14_PM,PM,Upper intermediate,Written,vio,ver,1,0,0,preterit,preterit,preterit,preterit,2.40296052,regular
CEDEL2,EN_WR_34_20_8_14_ER,ER,Upper intermediate,Written,estaba,caminar,1,0,0,IMPERFECT,IMPERFECT,imperfect,imperfect,1.048299838,regular
CEDEL2,EN_WR_34_20_8_14_ER,ER,Upper intermediate,Written,estaba,caminar,1,0,0,IMPERFECT,IMPERFECT,imperfect,imperfect,1.048299838,regular
CEDEL2,EN_WR_34_20_8_14_ER,ER,Upper intermediate,Written,djio,decir,0,0,1,PRETERIT,IMPERFECT,preterit,imperfect,2.09527237,regular
CEDEL2,EN_WR_34_20_8_14_ER,ER,Upper intermediate,Written,descubrió,descubrir,1,0,0,PRETERIT,PRETERIT,preterit,preterit,1.619481026,regular
CEDEL2,EN_WR_34_20_8_14_ER,ER,Upper intermediate,Written,empezó,empezar,1,0,0,PRETERIT,PRETERIT,preterit,preterit,2.154113663,regular
CEDEL2,EN_WR_34_20_8_14_ER,ER,Upper intermediate,Written,oío,oír,1,0,0,PRETERIT,PRETERIT,preterit,preterit,1.659222981,irregular
CEDEL2,EN_WR_34_20_8_14_ER,ER,Upper intermediate,Written,pensaba,pensar,1,0,0,IMPERFECT,IMPERFECT,imperfect,imperfect,1.703410359,regular
CEDEL2,EN_WR_34_20_8_14_ER,ER,Upper intermediate,Written,puso,poner,1,0,0,PRETERIT,PRETERIT,preterit,preterit,2.125102041,irregular
CEDEL2,EN_WR_34_20_8_14_ER,ER,Upper intermediate,Written,puso,poner,1,0,0,PRETERIT,PRETERIT,preterit,preterit,2.125102041,irregular
CEDEL2,EN_WR_34_20_8_14_ER,ER,Upper intermediate,Written,quería,querer,1,0,0,IMPERFECT,IMPERFECT,imperfect,imperfect,2.11692182,regular
CEDEL2,EN_WR_34_20_8_14_ER,ER,Upper intermediate,Written,sentó,sentar,1,0,0,PRETERIT,PRETERIT,preterit,preterit,1.404797604,regular
CEDEL2,EN_WR_34_20_8_14_ER,ER,Upper intermediate,Written,era,ser,1,0,0,IMPERFECT,IMPERFECT,imperfect,imperfect,3.211577309,irregular
CEDEL2,EN_WR_34_20_8_14_ER,ER,Upper intermediate,Written,era,ser,1,0,0,IMPERFECT,IMPERFECT,imperfect,imperfect,3.211577309,irregular
CEDEL2,EN_WR_34_20_8_14_ER,ER,Upper intermediate,Written,era,ser,1,0,0,IMPERFECT,IMPERFECT,imperfect,imperfect,3.211577309,irregular
CEDEL2,EN_WR_34_20_8_14_ER,ER,Upper intermediate,Written,tomó,tomar,1,0,0,PRETERIT,PRETERIT,preterit,preterit,2.139911406,regular
CEDEL2,EN_WR_34_20_8_14_ER,ER,Upper intermediate,Written,tomó,tomar,1,0,0,PRETERIT,PRETERIT,preterit,preterit,2.139911406,regular
CEDEL2,EN_WR_34_21_6_14_CO,CO,Upper intermediate,Written,encontró,encontrar,1,0,0,PRETERIT,PRETERIT,preterit,preterit,2.158446028,regular
CEDEL2,EN_WR_34_21_6_14_CO,CO,Upper intermediate,Written,encontró,encontrar,1,0,0,PRETERIT,PRETERIT,preterit,preterit,2.158446028,regular
CEDEL2,EN_WR_34_21_6_14_CO,CO,Upper intermediate,Written,estaba,estar,1,0,0,IMPERFECT,IMPERFECT,imperfect,imperfect,2.867952396,regular
CEDEL2,EN_WR_34_21_6_14_CO,CO,Upper intermediate,Written,estaba,estar,1,0,0,IMPERFECT,IMPERFECT,imperfect,imperfect,2.867952396,regular
CEDEL2,EN_WR_34_21_6_14_CO,CO,Upper intermediate,Written,golpeó,golpear,1,0,0,IMPERFECT,IMPERFECT,imperfect,imperfect,0.6216093213,regular
CEDEL2,EN_WR_34_21_6_14_CO,CO,Upper intermediate,Written,hay,haber,0,0,1,PRESENT,IMPERFECT,present,imperfect,3.180742566,regular
CEDEL2,EN_WR_34_21_6_14_CO,CO,Upper intermediate,Written,estaba,hacer,1,0,0,PRETERIT,PRETERIT,preterit,preterit,2.65205113,irregular
CEDEL2,EN_WR_34_21_6_14_CO,CO,Upper intermediate,Written,estaba,hacer,1,0,0,PRETERIT,PRETERIT,preterit,preterit,2.65205113,irregular
CEDEL2,EN_WR_34_21_6_14_CO,CO,Upper intermediate,Written,intentó,intentar,1,0,0,PRETERIT,PRETERIT,preterit,preterit,1.701169823,regular
CEDEL2,EN_WR_34_21_6_14_CO,CO,Upper intermediate,Written,llegó,llegar,1,0,0,PRETERIT,PRETERIT,preterit,preterit,2.422201199,regular
CEDEL2,EN_WR_34_21_6_14_CO,CO,Upper intermediate,Written,pedía,pedir,1,0,0,IMPERFECT,IMPERFECT,imperfect,imperfect,1.340737432,regular
CEDEL2,EN_WR_34_21_6_14_CO,CO,Upper intermediate,Written,tomó,tomar,1,0,0,PRETERIT,PRETERIT,preterit,preterit,2.139911406,regular
CEDEL2,EN_WR_34_21_6_14_CO,CO,Upper intermediate,Written,vino,venir,1,0,0,PRETERIT,PRETERIT,preterit,preterit,2.057630861,irregular
CEDEL2,EN_WR_34_21_6_14_CO,CO,Upper intermediate,Written,vio,ver,1,0,0,PRETERIT,PRETERIT,preterit,preterit,2.40296052,regular
CEDEL2,EN_WR_34_21_6_14_CO,CO,Upper intermediate,Written,vio,ver,1,0,0,IMPERFECT,IMPERFECT,imperfect,imperfect,1.708133482,irregular
CEDEL2,EN_WR_34_21_6_14_CO,CO,Upper intermediate,Written,vio,ver,1,0,0,PRETERIT,PRETERIT,preterit,preterit,2.40296052,regular
CEDEL2,EN_WR_35_20_7_14_TK,TK,Upper intermediate,Written,confirmar,confirmar,0,0,1,INFINITIVE,PRETERIT,other,preterit,1.485256923,regular
CEDEL2,EN_WR_35_20_7_14_TK,TK,Upper intermediate,Written,decidió,decidir,1,0,0,PRETERIT,PRETERIT,preterit,preterit,2.02840824,regular
CEDEL2,EN_WR_35_20_7_14_TK,TK,Upper intermediate,Written,encontró,encontrar,1,0,0,PRETERIT,PRETERIT,preterit,preterit,2.158446028,regular
CEDEL2,EN_WR_35_20_7_14_TK,TK,Upper intermediate,Written,encontró,encontrar,1,0,0,PRETERIT,PRETERIT,preterit,preterit,2.158446028,regular
CEDEL2,EN_WR_35_20_7_14_TK,TK,Upper intermediate,Written,estaba,estar,1,0,0,IMPERFECT,IMPERFECT,imperfect,imperfect,2.867952396,regular
CEDEL2,EN_WR_35_20_7_14_TK,TK,Upper intermediate,Written,estuvo,estar,0,0,1,PRETERIT,IMPERFECT,preterit,imperfect,2.867952396,regular
CEDEL2,EN_WR_35_20_7_14_TK,TK,Upper intermediate,Written,estaba,estar,1,0,0,IMPERFECT,IMPERFECT,imperfect,imperfect,2.867952396,regular
CEDEL2,EN_WR_35_20_7_14_TK,TK,Upper intermediate,Written,explicaba,explicar,1,0,0,IMPERFECT,IMPERFECT,imperfect,imperfect,0.9359610226,regular
CEDEL2,EN_WR_35_20_7_14_TK,TK,Upper intermediate,Written,fumaba,fumar,1,0,0,IMPERFECT,IMPERFECT,imperfect,imperfect,0.5086198005,regular
CEDEL2,EN_WR_35_20_7_14_TK,TK,Upper intermediate,Written,hablaba,hablar,0,0,1,IMPERFECT,PRETERIT,imperfect,preterit,1.78388505,regular
CEDEL2,EN_WR_35_20_7_14_TK,TK,Upper intermediate,Written,fue,ir,1,0,0,PRETERIT,PRETERIT,preterit,preterit,3.427518504,irregular
CEDEL2,EN_WR_35_20_7_14_TK,TK,Upper intermediate,Written,pasó,pasar,1,0,0,PRETERIT,PRETERIT,preterit,preterit,2.201059199,regular
CEDEL2,EN_WR_35_20_7_14_TK,TK,Upper intermediate,Written,pertenece,pertenecer,0,0,1,PRESENT,IMPERFECT,present,imperfect,1.388609654,regular
CEDEL2,EN_WR_35_20_7_14_TK,TK,Upper intermediate,Written,pudo,poder,1,0,0,PRETERIT,PRETERIT,preterit,preterit,2.270013966,irregular
CEDEL2,EN_WR_35_20_7_14_TK,TK,Upper intermediate,Written,trató,tratar,1,0,0,PRETERIT,PRETERIT,preterit,preterit,1.667342142,regular
CEDEL2,EN_WR_35_20_7_14_TK,TK,Upper intermediate,Written,trató,tratar,1,0,0,PRETERIT,PRETERIT,preterit,preterit,1.667342142,regular
CEDEL2,EN_WR_35_20_7_14_TK,TK,Upper intermediate,Written,vio,ver,1,0,0,PRETERIT,PRETERIT,preterit,preterit,2.40296052,regular